{"Version":13,"Id":"Test Mission","MissionName":"Test Mission","ObjectiveText":"Test Mission","HomeSystem":"test_map_test_map_home_station","ConnectToRootDevice":true,"FilesToRestore":[],"FilesToRemove":[],"CustomNetworkName":"test_map","StatisticsTimerEasy":0,"StatisticsTimerMedium":0,"StatisticsTimerHard":0,"SpecialAvatarIndex":-1,"NotesCharacter":0,"MapColor":{"_colorLightSingle":{"r":0.19607843458652497,"g":0.3921568691730499,"b":0.3921568691730499,"a":1.0},"_colorLightSecondary":{"r":0.19607843458652497,"g":0.4313725531101227,"b":0.4313725531101227,"a":1.0},"_colorGround":{"r":0.19607843458652497,"g":0.3137255012989044,"b":0.47058823704719546,"a":1.0}},"MusicSnapshotIndex":1,"ToolbarAppsStates":[{"Application":0,"Locked":false,"IsEnabled":true},{"Application":1,"Locked":false,"IsEnabled":true},{"Application":2,"Locked":true,"IsEnabled":false},{"Application":3,"Locked":false,"IsEnabled":true},{"Application":5,"Locked":true,"IsEnabled":false}],"ForgeSyncData":{"creatorId":"","missionGUID":"a4a281a2-cbca-485c-a091-248c6ad61dc2","lastUpdateUNIXTimeStamp":1691669040,"missionForgeApiId":19},"StorySteps":[{"Id":"Step_0","GoalName":"","OrderProcessingType":1,"CommandsWhenStart":["unlockapplist cd%0apwd%0als%0acat%0awhoami%0aecho%0acp%0amv%0arm%0amkdir%0adust%0aping%0acurl%0aifconfig%0anmap%0assh%0aexit%0ascp%0azion%0ajohn%0anetstat%0aiptables -1","autoconnect test_map_test_map_home_station","rememberhash hd2_user%3ako89HvZ1 1","#clear "],"AfterGoalsSteps":[],"CommandsWaitingFor":[{"Name":"skip","DeviceName":"","ArgsWaitingFor":[]}],"BlockOfGoalsStepsIds":[],"BlockOfGoalsNextStepId":"","BlockOfGoalsOptionalGoal":false,"BlockOfGoalsHiddenGoal":false},{"Id":"Step_1","GoalName":"","OrderProcessingType":1,"CommandsWhenStart":["nitroapp Rascal Hi%21+This+is+an+example+of+the+network+and+the+mission%2c+created+by+Forge. _ 0.5 true","smdelay 0.7","nitrocaption 1"],"AfterGoalsSteps":[],"CommandsWaitingFor":[{"Name":"nitrocaption","DeviceName":"","ArgsWaitingFor":["1"]}],"BlockOfGoalsStepsIds":[],"BlockOfGoalsNextStepId":"","BlockOfGoalsOptionalGoal":false,"BlockOfGoalsHiddenGoal":false},{"Id":"Step_2","GoalName":"","OrderProcessingType":1,"CommandsWhenStart":["nitroapp Rascal Here+we+will+create+the+mission%2c+which+will+contain+a+couple+of+goals%2c+a+hidden+goals+list%2c+and+processing+of+cat%2c+ssh%2c+and+john+command+feedbacks.+ _ 1 true","smdelay 1.2","nitrocaption 1"],"AfterGoalsSteps":[],"CommandsWaitingFor":[{"Name":"nitrocaption","DeviceName":"","ArgsWaitingFor":["1"]}],"BlockOfGoalsStepsIds":[],"BlockOfGoalsNextStepId":"","BlockOfGoalsOptionalGoal":false,"BlockOfGoalsHiddenGoal":false},{"Id":"Step_3","GoalName":"","OrderProcessingType":1,"CommandsWhenStart":["nitroapp Rascal You+can+use+TextMeshPro+rich+text+to+emphasize+some+parts+of+your+message. _ 0.5 true","smdelay 0.7","nitrocaption 1"],"AfterGoalsSteps":[],"CommandsWaitingFor":[{"Name":"nitrocaption","DeviceName":"","ArgsWaitingFor":["1"]}],"BlockOfGoalsStepsIds":[],"BlockOfGoalsNextStepId":"","BlockOfGoalsOptionalGoal":false,"BlockOfGoalsHiddenGoal":false},{"Id":"Step_4","GoalName":"","OrderProcessingType":1,"CommandsWhenStart":["nitroapp Rascal More+information+here+-+https%3a%2f%2fdocs.unity3d.com%2fPackages%2fcom.unity.textmeshpro%404.0%2fmanual%2fRichText.html _ 0.5 true","smdelay 0.7","nitrocaption 1"],"AfterGoalsSteps":[],"CommandsWaitingFor":[{"Name":"nitrocaption","DeviceName":"","ArgsWaitingFor":["1"]}],"BlockOfGoalsStepsIds":[],"BlockOfGoalsNextStepId":"","BlockOfGoalsOptionalGoal":false,"BlockOfGoalsHiddenGoal":false},{"Id":"Step_5","GoalName":"","OrderProcessingType":0,"CommandsWhenStart":["nitroapp Rascal Let%27s+begin.+Now+we+are+waiting+for+the+user+goes+to+the+Documents%2fHarvest+directory. _ -1 true"],"AfterGoalsSteps":[],"CommandsWaitingFor":[{"Name":"cd","DeviceName":"test_map_test_map_home_station","ArgsWaitingFor":["/Documents/Harvest/"]}],"BlockOfGoalsStepsIds":[],"BlockOfGoalsNextStepId":"","BlockOfGoalsOptionalGoal":false,"BlockOfGoalsHiddenGoal":false},{"Id":"Step_6","GoalName":"","OrderProcessingType":0,"CommandsWhenStart":["nitroapp Rascal Exciting%21+Here+the+user+should+read+the+creds.txt. _ -1 true"],"AfterGoalsSteps":[],"CommandsWaitingFor":[{"Name":"cat","DeviceName":"test_map_test_map_home_station","ArgsWaitingFor":["/Documents/Harvest/creds.txt"]}],"BlockOfGoalsStepsIds":[],"BlockOfGoalsNextStepId":"","BlockOfGoalsOptionalGoal":false,"BlockOfGoalsHiddenGoal":false},{"Id":"Step_7","GoalName":"","OrderProcessingType":1,"CommandsWhenStart":["nitroapp Rascal After+reading+this+file%2c+hidden+device+%231+should+be+visible%2c+because+this+file+contains+its+IP. _ 1 true","smdelay 1.2","nitrocaption 1"],"AfterGoalsSteps":[],"CommandsWaitingFor":[{"Name":"nitrocaption","DeviceName":"","ArgsWaitingFor":["1"]}],"BlockOfGoalsStepsIds":[],"BlockOfGoalsNextStepId":"","BlockOfGoalsOptionalGoal":false,"BlockOfGoalsHiddenGoal":false},{"Id":"Step_8","GoalName":"","OrderProcessingType":1,"CommandsWhenStart":["nitroapp Rascal IPs+in+the+game+are+dynamic.+To+write+an+IP+to+notes+or+text+files%2c+we+use+such+formula%3a+DeviceIP%3adeviceName. _ 1 true","smdelay 1.2","nitrocaption 1"],"AfterGoalsSteps":[],"CommandsWaitingFor":[{"Name":"nitrocaption","DeviceName":"","ArgsWaitingFor":["1"]}],"BlockOfGoalsStepsIds":[],"BlockOfGoalsNextStepId":"","BlockOfGoalsOptionalGoal":false,"BlockOfGoalsHiddenGoal":false},{"Id":"Step_9","GoalName":"","OrderProcessingType":1,"CommandsWhenStart":["nitroapp Rascal The+device+name+you+can+set+in+the+properties+of+Device+in+the+Forge. _ 0.5 true","smdelay 0.7","nitrocaption 1"],"AfterGoalsSteps":[],"CommandsWaitingFor":[{"Name":"nitrocaption","DeviceName":"","ArgsWaitingFor":["1"]}],"BlockOfGoalsStepsIds":[],"BlockOfGoalsNextStepId":"","BlockOfGoalsOptionalGoal":false,"BlockOfGoalsHiddenGoal":false},{"Id":"Step_10","GoalName":"SSH to the hidden device","OrderProcessingType":2,"CommandsWhenStart":["nitroapp Rascal And+here+we+are+waiting+for+ssh+to+this+device+from+the+user. _ -1 true"],"AfterGoalsSteps":[],"CommandsWaitingFor":[{"Name":"ssh","DeviceName":"test_map_test_map_hidden_device_1","ArgsWaitingFor":[]}],"BlockOfGoalsStepsIds":[],"BlockOfGoalsNextStepId":"","BlockOfGoalsOptionalGoal":false,"BlockOfGoalsHiddenGoal":false},{"Id":"Step_11","GoalName":"","OrderProcessingType":1,"CommandsWhenStart":["nitroapp Rascal Ok%2c+now+the+player+is+in+Hidden+Device+%232.+Here+we+will+teach+and+learn%2c+how+to+use+john. _ 0.5 true","smdelay 0.7","nitrocaption 1"],"AfterGoalsSteps":[],"CommandsWaitingFor":[{"Name":"nitrocaption","DeviceName":"","ArgsWaitingFor":["1"]}],"BlockOfGoalsStepsIds":[],"BlockOfGoalsNextStepId":"","BlockOfGoalsOptionalGoal":false,"BlockOfGoalsHiddenGoal":false},{"Id":"Step_12","GoalName":"","OrderProcessingType":1,"CommandsWhenStart":["nitroapp Rascal John+requires+previously+saved+decoded+values%2c+and+sometimes+a+wordlist. _ 0.5 true","smdelay 0.7","nitrocaption 1"],"AfterGoalsSteps":[],"CommandsWaitingFor":[{"Name":"nitrocaption","DeviceName":"","ArgsWaitingFor":["1"]}],"BlockOfGoalsStepsIds":[],"BlockOfGoalsNextStepId":"","BlockOfGoalsOptionalGoal":false,"BlockOfGoalsHiddenGoal":false},{"Id":"Step_13","GoalName":"","OrderProcessingType":1,"CommandsWhenStart":["nitroapp Rascal If+you+would+like+to+use+a+wordlist%2c+please+see+at+files+attributes+in+the+Forge+File+editor. _ 0.5 true","smdelay 0.7","nitrocaption 1"],"AfterGoalsSteps":[],"CommandsWaitingFor":[{"Name":"nitrocaption","DeviceName":"","ArgsWaitingFor":["1"]}],"BlockOfGoalsStepsIds":[],"BlockOfGoalsNextStepId":"","BlockOfGoalsOptionalGoal":false,"BlockOfGoalsHiddenGoal":false},{"Id":"Step_14","GoalName":"","OrderProcessingType":1,"CommandsWhenStart":["nitroapp Rascal Also%2c+it+can+be+used+for+hydra. _ 0.6 true","smdelay 0.7","nitrocaption 1"],"AfterGoalsSteps":[],"CommandsWaitingFor":[{"Name":"nitrocaption","DeviceName":"","ArgsWaitingFor":["1"]}],"BlockOfGoalsStepsIds":[],"BlockOfGoalsNextStepId":"","BlockOfGoalsOptionalGoal":false,"BlockOfGoalsHiddenGoal":false},{"Id":"Step_15","GoalName":"","OrderProcessingType":0,"CommandsWhenStart":["nitroapp Rascal Here+the+user+should+create+a+file+for+hash. _ -1 true"],"AfterGoalsSteps":[],"CommandsWaitingFor":[{"Name":"echo","DeviceName":"","ArgsWaitingFor":["0c2e2a9a361a4d5bcdcd4ca8691cbaa1fe66746d3ab8ea47627a72e42ec6d6a4"]}],"BlockOfGoalsStepsIds":[],"BlockOfGoalsNextStepId":"","BlockOfGoalsOptionalGoal":false,"BlockOfGoalsHiddenGoal":false},{"Id":"Step_16","GoalName":"","OrderProcessingType":0,"CommandsWhenStart":["nitroapp Rascal And+use+the+john+command+against+this+file. _ -1 true"],"AfterGoalsSteps":[],"CommandsWaitingFor":[{"Name":"john","DeviceName":"","ArgsWaitingFor":["hd2_user:ko89HvZ1"]}],"BlockOfGoalsStepsIds":[],"BlockOfGoalsNextStepId":"","BlockOfGoalsOptionalGoal":false,"BlockOfGoalsHiddenGoal":false},{"Id":"Step_17","GoalName":"","OrderProcessingType":1,"CommandsWhenStart":["nitroapp Rascal Now+are+starting+the+most+complicated+thing+-+the+Block+of+Goals. _ 1 true","smdelay 1.2","nitrocaption 1"],"AfterGoalsSteps":[],"CommandsWaitingFor":[{"Name":"nitrocaption","DeviceName":"","ArgsWaitingFor":["1"]}],"BlockOfGoalsStepsIds":[],"BlockOfGoalsNextStepId":"","BlockOfGoalsOptionalGoal":false,"BlockOfGoalsHiddenGoal":false},{"Id":"Step_18","GoalName":"","OrderProcessingType":1,"CommandsWhenStart":["nitroapp Rascal It+was+created+to+ignore+the+order+of+the+user+actions. _ 0.5 true","smdelay 0.7","nitrocaption 1"],"AfterGoalsSteps":[],"CommandsWaitingFor":[{"Name":"nitrocaption","DeviceName":"","ArgsWaitingFor":["1"]}],"BlockOfGoalsStepsIds":[],"BlockOfGoalsNextStepId":"","BlockOfGoalsOptionalGoal":false,"BlockOfGoalsHiddenGoal":false},{"Id":"Step_19","GoalName":"","OrderProcessingType":1,"CommandsWhenStart":["nitroapp Rascal So+here+the+user+should+read+visible_device_1.txt+and+visible_device_2.txt. _ 0.5 true","smdelay 0.7","nitrocaption 1"],"AfterGoalsSteps":[],"CommandsWaitingFor":[{"Name":"nitrocaption","DeviceName":"","ArgsWaitingFor":["1"]}],"BlockOfGoalsStepsIds":[],"BlockOfGoalsNextStepId":"","BlockOfGoalsOptionalGoal":false,"BlockOfGoalsHiddenGoal":false},{"Id":"Step_20","GoalName":"","OrderProcessingType":1,"CommandsWhenStart":["nitroapp Rascal However%2c+the+order+of+reading+of+these+files+isn%27t+important. _ -1 true"],"AfterGoalsSteps":[],"CommandsWaitingFor":[],"BlockOfGoalsStepsIds":[],"BlockOfGoalsNextStepId":"","BlockOfGoalsOptionalGoal":false,"BlockOfGoalsHiddenGoal":false},{"Id":"BlockOfGoals_21","GoalName":"","OrderProcessingType":3,"CommandsWhenStart":[],"AfterGoalsSteps":[],"CommandsWaitingFor":[],"BlockOfGoalsStepsIds":["BlockOfGoals_21_Goal_23","BlockOfGoals_21_Goal_25"],"BlockOfGoalsNextStepId":"Step_21","BlockOfGoalsOptionalGoal":false,"BlockOfGoalsHiddenGoal":false},{"Id":"BlockOfGoals_21_Goal_25","GoalName":"Read credentials for secnd visible device","OrderProcessingType":2,"CommandsWhenStart":[],"AfterGoalsSteps":["Step_26"],"CommandsWaitingFor":[{"Name":"cat","DeviceName":"test_map_test_map_hidden_device_2","ArgsWaitingFor":["/visible device 2"]}],"BlockOfGoalsStepsIds":[],"BlockOfGoalsNextStepId":"","BlockOfGoalsOptionalGoal":false,"BlockOfGoalsHiddenGoal":false},{"Id":"Step_26","GoalName":"","OrderProcessingType":1,"CommandsWhenStart":["nitroapp Rascal The+user+opened+visible_device_2.txt%2c+and+the+step+just+after+the+goal+will+be+launched+always%21+It+can+be+used+for+some+essential+story+actions.+ _ -1 true"],"AfterGoalsSteps":[],"CommandsWaitingFor":[],"BlockOfGoalsStepsIds":[],"BlockOfGoalsNextStepId":"","BlockOfGoalsOptionalGoal":false,"BlockOfGoalsHiddenGoal":false},{"Id":"BlockOfGoals_21_Goal_23","GoalName":"Read credentials for first visible device","OrderProcessingType":2,"CommandsWhenStart":[],"AfterGoalsSteps":["Step_24"],"CommandsWaitingFor":[{"Name":"cat","DeviceName":"test_map_test_map_hidden_device_2","ArgsWaitingFor":["/visible device 1"]}],"BlockOfGoalsStepsIds":[],"BlockOfGoalsNextStepId":"","BlockOfGoalsOptionalGoal":false,"BlockOfGoalsHiddenGoal":false},{"Id":"Step_24","GoalName":"","OrderProcessingType":1,"CommandsWhenStart":["nitroapp Rascal The+user+opened+visible_device_1.txt%2c+and+the+step+just+after+the+goal+will+be+launched+always%21+It+can+be+used+for+some+essential+story+actions. _ -1 true"],"AfterGoalsSteps":[],"CommandsWaitingFor":[],"BlockOfGoalsStepsIds":[],"BlockOfGoalsNextStepId":"","BlockOfGoalsOptionalGoal":false,"BlockOfGoalsHiddenGoal":false},{"Id":"Step_21","GoalName":"","OrderProcessingType":1,"CommandsWhenStart":["smdelay 1","nitrocaption 1"],"AfterGoalsSteps":[],"CommandsWaitingFor":[{"Name":"nitrocaption","DeviceName":"","ArgsWaitingFor":["1"]}],"BlockOfGoalsStepsIds":[],"BlockOfGoalsNextStepId":"","BlockOfGoalsOptionalGoal":false,"BlockOfGoalsHiddenGoal":false},{"Id":"Step_27","GoalName":"","OrderProcessingType":1,"CommandsWhenStart":["nitroapp Rascal Now+user+needs+to+ssh+in+Visible+Device+1+and+Visible+Device+2.+ _ 0.5 true","smdelay 0.7","nitrocaption 1"],"AfterGoalsSteps":[],"CommandsWaitingFor":[{"Name":"nitrocaption","DeviceName":"","ArgsWaitingFor":["1"]}],"BlockOfGoalsStepsIds":[],"BlockOfGoalsNextStepId":"","BlockOfGoalsOptionalGoal":false,"BlockOfGoalsHiddenGoal":false},{"Id":"Step_28","GoalName":"","OrderProcessingType":1,"CommandsWhenStart":["nitroapp Rascal However%2c+it%27s+a+single+combined+task. _ 0.5 true","smdelay 0.7","nitrocaption 1"],"AfterGoalsSteps":[],"CommandsWaitingFor":[{"Name":"nitrocaption","DeviceName":"","ArgsWaitingFor":["1"]}],"BlockOfGoalsStepsIds":[],"BlockOfGoalsNextStepId":"","BlockOfGoalsOptionalGoal":false,"BlockOfGoalsHiddenGoal":false},{"Id":"Step_29","GoalName":"","OrderProcessingType":1,"CommandsWhenStart":["nitroapp Rascal We+need+to+use+a+block+of+goals+with+hidden+goals+and+specific+%3ci%3eskip%3c%2fi%3e+waiting+commands. _ 0.5 true","smdelay 0.7","nitrocaption 1"],"AfterGoalsSteps":[],"CommandsWaitingFor":[{"Name":"nitrocaption","DeviceName":"","ArgsWaitingFor":["1"]}],"BlockOfGoalsStepsIds":[],"BlockOfGoalsNextStepId":"","BlockOfGoalsOptionalGoal":false,"BlockOfGoalsHiddenGoal":false},{"Id":"Step_30","GoalName":"","OrderProcessingType":1,"CommandsWhenStart":["nitroapp Rascal So+when+all+devices+are+visited+by+the+ssh+command%2c+the+block+of+goals+moves+to+the+next+step%2c+which+will+be+the+goal+with+only+one+waiting+command+-+skip. _ 1 true","smdelay 1.2","nitrocaption 1"],"AfterGoalsSteps":[],"CommandsWaitingFor":[{"Name":"nitrocaption","DeviceName":"","ArgsWaitingFor":["1"]}],"BlockOfGoalsStepsIds":[],"BlockOfGoalsNextStepId":"","BlockOfGoalsOptionalGoal":false,"BlockOfGoalsHiddenGoal":false},{"Id":"Step_31","GoalName":"","OrderProcessingType":1,"CommandsWhenStart":["nitroapp Rascal It+means+this+step+will+be+marked+as+completed+automatically. _ -1 true"],"AfterGoalsSteps":[],"CommandsWaitingFor":[],"BlockOfGoalsStepsIds":[],"BlockOfGoalsNextStepId":"","BlockOfGoalsOptionalGoal":false,"BlockOfGoalsHiddenGoal":false},{"Id":"BlockOfGoals_32","GoalName":"","OrderProcessingType":3,"CommandsWhenStart":[],"AfterGoalsSteps":[],"CommandsWaitingFor":[],"BlockOfGoalsStepsIds":["BlockOfGoals_32_Goal_34","BlockOfGoals_32_Goal_35"],"BlockOfGoalsNextStepId":"Step_32","BlockOfGoalsOptionalGoal":false,"BlockOfGoalsHiddenGoal":false},{"Id":"BlockOfGoals_32_Goal_35","GoalName":"BlockOfGoals_32_Goal_35","OrderProcessingType":2,"CommandsWhenStart":[],"AfterGoalsSteps":[],"CommandsWaitingFor":[{"Name":"ssh","DeviceName":"test_map_test_map_visible_device_2","ArgsWaitingFor":[]}],"BlockOfGoalsStepsIds":[],"BlockOfGoalsNextStepId":"","BlockOfGoalsOptionalGoal":false,"BlockOfGoalsHiddenGoal":true},{"Id":"BlockOfGoals_32_Goal_34","GoalName":"BlockOfGoals_32_Goal_34","OrderProcessingType":2,"CommandsWhenStart":[],"AfterGoalsSteps":[],"CommandsWaitingFor":[{"Name":"ssh","DeviceName":"test_map_test_map_visible_device_1","ArgsWaitingFor":[]}],"BlockOfGoalsStepsIds":[],"BlockOfGoalsNextStepId":"","BlockOfGoalsOptionalGoal":false,"BlockOfGoalsHiddenGoal":true},{"Id":"Step_32","GoalName":"SSH to all visible devices","OrderProcessingType":2,"CommandsWhenStart":[],"AfterGoalsSteps":[],"CommandsWaitingFor":[{"Name":"skip","DeviceName":"","ArgsWaitingFor":[]}],"BlockOfGoalsStepsIds":[],"BlockOfGoalsNextStepId":"","BlockOfGoalsOptionalGoal":false,"BlockOfGoalsHiddenGoal":false},{"Id":"Step_36","GoalName":"","OrderProcessingType":1,"CommandsWhenStart":["nitroapp Rascal Wonderful%21+The+user+performed+two+necessary+actions%2c+but+it+was+counted+as+one+goal. _ 0.5 true","smdelay 0.7","nitrocaption 1"],"AfterGoalsSteps":[],"CommandsWaitingFor":[{"Name":"nitrocaption","DeviceName":"","ArgsWaitingFor":["1"]}],"BlockOfGoalsStepsIds":[],"BlockOfGoalsNextStepId":"","BlockOfGoalsOptionalGoal":false,"BlockOfGoalsHiddenGoal":false},{"Id":"Step_37","GoalName":"","OrderProcessingType":1,"CommandsWhenStart":["nitroapp Rascal So+that+is%2c+the+player+completed+this+test+mission. _ 0.5 true","smdelay 0.7","nitrocaption 1"],"AfterGoalsSteps":[],"CommandsWaitingFor":[{"Name":"nitrocaption","DeviceName":"","ArgsWaitingFor":["1"]}],"BlockOfGoalsStepsIds":[],"BlockOfGoalsNextStepId":"","BlockOfGoalsOptionalGoal":false,"BlockOfGoalsHiddenGoal":false},{"Id":"Step_38","GoalName":"","OrderProcessingType":1,"CommandsWhenStart":["nitroapp Rascal This+step+is+the+last.+The+latest+step+in+the+flow+is+the+marker+for+the+game%2c+that+the+mission+is+completed. _ -1 true"],"AfterGoalsSteps":[],"CommandsWaitingFor":[],"BlockOfGoalsStepsIds":[],"BlockOfGoalsNextStepId":"","BlockOfGoalsOptionalGoal":false,"BlockOfGoalsHiddenGoal":false}],"Cutscenes":{"hasStartCutscene":false,"startCutscene":{"name":"","ImageType":0,"textList":[]},"hasEndCutscene":false,"endCutscene":{"name":"","ImageType":0,"textList":[]},"hasFailCutscene":false,"failCutscene":{"name":"","ImageType":0,"textList":[]}},"LastChangeDate":1698240519.690933}