{"Version":10,"Id":"Ember Intel","MissionName":"LockerPuppy","ObjectiveText":"Isolate the infected device(s) and restore the machine(s) on the network","HomeSystem":"infected_workstation","ConnectToRootDevice":true,"FilesToRestore":[],"FilesToRemove":[],"CustomNetworkName":"216","NextResourcesMissionIndex":-1,"StatisticsTimerEasy":3300,"StatisticsTimerMedium":3300,"StatisticsTimerHard":3300,"SpecialAvatarIndex":-1,"NotesCharacter":0,"MapColor":{"_colorLightSingle":{"r":0.8117647171020508,"g":0.41568630933761599,"b":1.0,"a":1.0},"_colorLightSecondary":{"r":0.4000000059604645,"g":0.8666666746139526,"b":0.9843137264251709,"a":1.0},"_colorGround":{"r":0.1607843041419983,"g":0.1607843041419983,"b":0.1607843041419983,"a":1.0}},"MusicSnapshotIndex":0,"ToolbarAppsStates":[{"Application":0,"Locked":false,"IsEnabled":true},{"Application":1,"Locked":false,"IsEnabled":true},{"Application":2,"Locked":false,"IsEnabled":true},{"Application":3,"Locked":false,"IsEnabled":true},{"Application":5,"Locked":true,"IsEnabled":true},{"Application":10,"Locked":true,"IsEnabled":true}],"ForgeSyncData":{"creatorId":"","missionGUID":"","lastUpdateUNIXTimeStamp":0,"missionForgeApiId":0},"StorySteps":[{"Id":"Step_0","GoalName":"","OrderProcessingType":1,"CommandsWhenStart":[],"AfterGoalsSteps":[],"CommandsWaitingFor":[],"BlockOfGoalsStepsIds":[],"BlockOfGoalsNextStepId":"","BlockOfGoalsOptionalGoal":false,"BlockOfGoalsHiddenGoal":false}],"Cutscenes":{"hasStartCutscene":false,"startCutscene":{"name":"LockerPuppy_start","ImageType":13,"textList":[],"customNetworkIconAssetName":"icon"},"hasEndCutscene":false,"endCutscene":{"name":"LockerPuppy_end","ImageType":13,"textList":[],"customNetworkIconAssetName":"network_logo"},"hasFailCutscene":false,"failCutscene":{"name":"LockerPuppy_fail","ImageType":13,"textList":[],"customNetworkIconAssetName":"network_logo"}},"IsMiniscriptDriven":true,"Miniscript":"wait(0.1)%0d%0a%0d%0aunlockApp(%22ifconfig%22)%0d%0aunlockApp(%22dd%22)%0d%0aunlockApp(%22scp%22)%0d%0aunlockApp(%22netstat%22)%0d%0a%0d%0aunlockApp(%22pwd%22)%0d%0aunlockApp(%22ls%22)%0d%0aunlockApp(%22cat%22)%0d%0aunlockApp(%22whoami%22)%0d%0aunlockApp(%22echo%22)%0d%0aunlockApp(%22cp%22)%0d%0aunlockApp(%22mv%22)%0d%0aunlockApp(%22rm%22)%0d%0aunlockApp(%22mkdir%22)%0d%0aunlockApp(%22dust%22)%0d%0aunlockApp(%22ping%22)%0d%0aunlockApp(%22curl%22)%0d%0aunlockApp(%22nmap%22)%0d%0aunlockApp(%22ssh%22)%0d%0aunlockApp(%22exit%22)%0d%0a%0d%0alockApp(%22kill%22)%0d%0a%0d%0aremove_network_interface(%22infected_workstation%22%2c+%22en0%22)%0d%0a%0d%0arunSimulatedApplication(%22python3%22%2c+%22infected_workstation%22%2c+1%2c+%22tcp%22%2c+-1%2c+%22203.0.113.25%3a443%22)%0d%0a%0d%0aautoConnect(%22infected_workstation%22)%0d%0aupdateNotepad(%22Backup%2520Server%2520-%2520%257BDeviceIP%253ABackup_Server%257D%253A%2520%250AUsername%253A%2520ScoobyDu%250APassword%253A%2520ShoobieDoobieDoo%22)%0d%0a%0d%0await(1)%0d%0a%0d%0await(nitroApp(%22Vikram%22%2c+%22So%252C%2520I%2520uh%252C%2520yeeeeah.%2520%250AI%2520was%2520trying%2520to%2520fill%2520an%2520online%2520order%2520for%2520some%2520caffeinated%2520cupcakes%252C%2520and%2520this%2520coupon-box%2520popped%2520up.%250ASo%2520I%2520clicked%2520on%2520it%252C%2520and%2520KA-BOOM.%2520%250AInstant%2520meltdown.%2520%250AI%2520saw%2520a%2520terminal%2520window%2520pop%2520up%252C%2520just%2520for%2520a%2520second.%2520%250AThen%2520POOF%252C%2520it%2520was%2520gone.%2520%250ANext%2520thing%2520I%2520see%2520is%2520this%2520screen%2520telling%2520me%2520that%2520all%2520my%2520files%2520have%2520been%2520encrypted%252C%2520and%2520that%2520I%25E2%2580%2599ll%2520need%2520to%2520pay%2520the%25200.010%2520BTC%2520ransom%2520if%2520I%2520want%2520to%2520unlock%2520them%21%22)+%2b+0.2)%0d%0anitroCaption(1)%0d%0a%0d%0asequence+%3d+new+Sequence%0d%0asequence.steps+%3d+%5b+%5d%0d%0a%0d%0asequenceStep+%3d+new+SequenceStep%0d%0asequenceStep.commandWaiting+%3d+getCommandWaiting(%22nitrocaption%22%2c+%22%22%2c+%5b+%221%22+%5d)%0d%0asequenceStep.action+%3d+function()%0d%0a+wait(nitroApp(%22Vikram%22%2c+%22Please%2520help%2520me.%2520The%2520ransom%2520screen%2520has%2520a%2520timer%2520on%2520it%2520and%2520I%2520have%2520less%2520than%252060%2520minutes%2520to%2520pay%252C%2520or%2520I%25E2%2580%2599ll%2520lose%2520my%2520data%2520forever%21%2520Not-to-mention%2520my%2520job%2520%2526%2520my%2520dignity.%22)+%2b+0.2)%0d%0a+startTimer(3300%2c+3300%2c+3300)%0d%0a+nitroCaption(1)%0d%0aend+function%0d%0asequence.steps.push(sequenceStep)%0d%0a%0d%0asequenceStep+%3d+new+SequenceStep%0d%0asequenceStep.commandWaiting+%3d+getCommandWaiting(%22nitrocaption%22%2c+%22%22%2c+%5b+%221%22+%5d)%0d%0asequenceStep.action+%3d+function()%0d%0a+wait(nitroApp(%22Rascal%22%2c+%22Your%2520job%2520now%253F%250A%250A-%2520Isolate%2520the%2520infected%2520device(s)%2520from%2520the%2520network%250A-%2520Take%2520a%2520forensic%2520copy%2520of%2520the%2520current%2520infected%2520server%2520for%2520investigation%2520purposes.%250A-%2520Document%2520the%2520infections%2520and%2520the%2520steps%2520taken%2520to%2520date%2520(compliance)%2520including%2520chain-of-custody%2520data.%250A-%2520Kill%2520any%2520external%2520connections%2520and%2520processes%2520%250A-%2520Revert%2520back%2520to%2520most%2520recent%2520(Un-infected)%2520backup%2520from%2520%253Ccolor%253D%2523E82629%253E%257BDeviceIP%253ABackup_Server%257D%253C%252Fcolor%253E.%250A-%2520Restore%2520the%2520machine(s)%2520on%2520the%2520network%22)+%2b+0.2)%0d%0a+nitroCaption(1)%0d%0aend+function%0d%0asequence.steps.push(sequenceStep)%0d%0a%0d%0asequenceStep+%3d+new+SequenceStep%0d%0asequenceStep.commandWaiting+%3d+getCommandWaiting(%22nitrocaption%22%2c+%22%22%2c+%5b+%221%22+%5d)%0d%0asequenceStep.action+%3d+function()%0d%0a+wait(nitroApp(%22Rascal%22%2c+%22Stay%2520sharp%252C%2520%257BPlayerName%257D%21%2520%250AWe%25E2%2580%2599ve%2520got%2520to%2520move%2520fast%21%250A55%2520minutes%2520on%2520the%2520clock%2520and%2520counting%2520down%21%22)+%2b+0.2)%0d%0a+nitroCaption(1)%0d%0aend+function%0d%0asequence.steps.push(sequenceStep)%0d%0a%0d%0asequenceStep+%3d+new+SequenceStep%0d%0asequenceStep.commandWaiting+%3d+getCommandWaiting(%22nitrocaption%22%2c+%22%22%2c+%5b+%221%22+%5d)%0d%0asequenceStep.action+%3d+function()%0d%0a+wait(nitroApp(%22Vikram%22%2c+%22You%2520can%2520access%2520our%2520backup%2520server%2520from%2520%253Ccolor%253D%2523E82629%253E%257BDeviceIP%253ABackup_Server%257D%253C%252Fcolor%253E%2520with%2520these%2520creds%253A%250AUsername%253A%2520%253Ccolor%253D%2523D0F83E%253EScoobyDu%253C%252Fcolor%253E%250APassword%253A%2520%253Ccolor%253D%2523D0F83E%253EShoobieDoobieDoo%253C%252Fcolor%253E%22)+%2b+0.2)%0d%0a+nitroCaption(1)%0d%0aend+function%0d%0asequence.steps.push(sequenceStep)%0d%0a%0d%0asequenceStep+%3d+new+SequenceStep%0d%0asequenceStep.commandWaiting+%3d+getCommandWaiting(%22nitrocaption%22%2c+%22%22%2c+%5b+%221%22+%5d)%0d%0asequenceStep.action+%3d+function()%0d%0a+wait(nitroApp(%22Rascal%22%2c+%22I%2527ve%2520added%2520that%2520username%2520and%2520password%2520to%2520my%2520notes%252C%2520so%2520you%2520can%2520retrieve%2520them%2520whenever%2520you%2520need%2520%25E2%2580%2598em.%250A%250ATaa-daaaah%21%22)+%2b+0.2)%0d%0a+nitroCaption(1)%0d%0aend+function%0d%0asequence.steps.push(sequenceStep)%0d%0a%0d%0asequenceStep+%3d+new+SequenceStep%0d%0asequenceStep.commandWaiting+%3d+getCommandWaiting(%22nitrocaption%22%2c+%22%22%2c+%5b+%221%22+%5d)%0d%0asequenceStep.action+%3d+function()%0d%0a+wait(nitroApp(%22Rascal%22%2c+%22%257BPlayerName%257D%252C%2520the%2520longer%2520it%2520takes%2520us%2520to%2520resolve%2520this%252C%2520the%2520worse%2520it%25E2%2580%2599s%2520gonna%2520get%21%2520%250AThis%2520type%2520of%2520ransomware%2520spreads%2520itself%2520around%25E2%2580%25A6%2520just%2520like%2520a%2520bad%252C%2520contagious%2520cold%2520at%2520work%21%2520%250AWe%2520need%2520to%2520hurry%252C%2520or%2520other%2520devices%2520on%2520the%2520same%2520network%2520will%2520begin%2520to%2520get%2520infected%2520soon.%250AHere%25E2%2580%2599s%2520our%2520plan%253A%22)+%2b+0.2)%0d%0a+nitroCaption(1)%0d%0aend+function%0d%0asequence.steps.push(sequenceStep)%0d%0a%0d%0asequenceStep+%3d+new+SequenceStep%0d%0asequenceStep.commandWaiting+%3d+getCommandWaiting(%22nitrocaption%22%2c+%22%22%2c+%5b+%221%22+%5d)%0d%0asequenceStep.action+%3d+function()%0d%0a+wait(nitroApp(%22Rascal%22%2c+%22First%252C%2520we%2520isolate%2520the%2520infected%2520device(s)%2520from%2520the%2520network.%2520No%2520more%2520spreading.%22)+%2b+0.2)%0d%0a+nitroCaption(1)%0d%0aend+function%0d%0asequence.steps.push(sequenceStep)%0d%0a%0d%0asequenceStep+%3d+new+SequenceStep%0d%0asequenceStep.commandWaiting+%3d+getCommandWaiting(%22nitrocaption%22%2c+%22%22%2c+%5b+%221%22+%5d)%0d%0asequenceStep.action+%3d+function()%0d%0a+wait(nitroApp(%22Vikram%22%2c+%22Got+it.+What%27s+next%3f%22)+%2b+0.2)%0d%0a+nitroCaption(1)%0d%0aend+function%0d%0asequence.steps.push(sequenceStep)%0d%0a%0d%0asequenceStep+%3d+new+SequenceStep%0d%0asequenceStep.commandWaiting+%3d+getCommandWaiting(%22nitrocaption%22%2c+%22%22%2c+%5b+%221%22+%5d)%0d%0asequenceStep.action+%3d+function()%0d%0a+wait(nitroApp(%22Rascal%22%2c+%22We%2527ll%2520image%2520the%2520infected%2520systems%2520to%2520create%2520forensic%2520copies.%250AWe%2520need%2520to%2520document%2520everything%252C%2520too.%250ANext%252C%2520we%2520need%2520to%2520move%2520this%2520infected%2520forensic%2520copy%2520file%2520to%2520our%2520%253Ccolor%253D%2523E82629%253E%257BDeviceIP%253ABackup_Server%257D%253C%252Fcolor%253E%2520so%2520we%2520can%2520investigate%2520this%2520later.%2520%22)+%2b+0.2)%0d%0a+nitroCaption(1)%0d%0aend+function%0d%0asequence.steps.push(sequenceStep)%0d%0a%0d%0asequenceStep+%3d+new+SequenceStep%0d%0asequenceStep.commandWaiting+%3d+getCommandWaiting(%22nitrocaption%22%2c+%22%22%2c+%5b+%221%22+%5d)%0d%0asequenceStep.action+%3d+function()%0d%0a+wait(nitroApp(%22Vikram%22%2c+%22Image%2520the%2520infected%252C%2520document%2520everything%252C%2520move%2520infected%2520file%2520to%2520our%2520backup%2520server%25E2%2580%25A6%2520check%252C%2520check%252C%2520and%2520check%21%2520%250AWhat%25E2%2580%2599s%2520next%253F%22)+%2b+0.2)%0d%0a+nitroCaption(1)%0d%0aend+function%0d%0asequence.steps.push(sequenceStep)%0d%0a%0d%0asequenceStep+%3d+new+SequenceStep%0d%0asequenceStep.commandWaiting+%3d+getCommandWaiting(%22nitrocaption%22%2c+%22%22%2c+%5b+%221%22+%5d)%0d%0asequenceStep.action+%3d+function()%0d%0a+wait(nitroApp(%22Rascal%22%2c+%22Ah%252C%2520next%2520we%2527ll%2520definitely%2520want%2520to%2520kill%2520any%2520external%2520connections%2520and%2520processes%21%250A%250AIn%2520case%2520this%2520ransomware%2520establishes%2520any%2520external%2520connections%2520to%2520an%2520attacker-controlled%2520server%2520or%2520initiates%2520a%2520malicious%2520process%252C%2520we%2520need%2520to%2520terminate%2520them.%2520%250A%250AWe%2520can%2520use%2520the%2520%253Cfont%253D%2522SpaceMono-Regular%2520SDF%2522%253E%253Cmark%253D%252300b7acaa%253Enetstat%253C%252Fmark%253E%253C%252Ffont%253E%2520command%2520to%2520check%2520for%2520active%2520network%2520connections%2520and%2520the%2520%253Cfont%253D%2522SpaceMono-Regular%2520SDF%2522%253E%253Cmark%253D%252300b7acaa%253Eps%253C%252Fmark%253E%253C%252Ffont%253E%2520command%2520to%2520list%2520running%2520processes%252C%2520helping%2520us%2520identify%2520any%2520malicious%2520activity.%250A%22)+%2b+0.2)%0d%0a+nitroCaption(1)%0d%0aend+function%0d%0asequence.steps.push(sequenceStep)%0d%0a%0d%0asequenceStep+%3d+new+SequenceStep%0d%0asequenceStep.commandWaiting+%3d+getCommandWaiting(%22nitrocaption%22%2c+%22%22%2c+%5b+%221%22+%5d)%0d%0asequenceStep.action+%3d+function()%0d%0a+wait(nitroApp(%22Vikram%22%2c+%22And+then+we+restore+from+our+safe+uninfected+backup%2c+right%3f%22)+%2b+0.2)%0d%0a+nitroCaption(1)%0d%0aend+function%0d%0asequence.steps.push(sequenceStep)%0d%0a%0d%0asequenceStep+%3d+new+SequenceStep%0d%0asequenceStep.commandWaiting+%3d+getCommandWaiting(%22nitrocaption%22%2c+%22%22%2c+%5b+%221%22+%5d)%0d%0asequenceStep.action+%3d+function()%0d%0a+wait(nitroApp(%22Rascal%22%2c+%22Exactly%21%2520%250AOnce%2520we%25E2%2580%2599re%2520sure%2520everything%25E2%2580%2599s%2520clean%252C%2520we%2520can%2520reconnect%2520them%2520to%2520the%2520network.%22)+%2b+0.2)%0d%0a+nitroCaption(1)%0d%0aend+function%0d%0asequence.steps.push(sequenceStep)%0d%0a%0d%0asequenceStep+%3d+new+SequenceStep%0d%0asequenceStep.commandWaiting+%3d+getCommandWaiting(%22nitrocaption%22%2c+%22%22%2c+%5b+%221%22+%5d)%0d%0asequenceStep.action+%3d+function()%0d%0a+wait(nitroApp(%22Rascal%22%2c+%22Let%25E2%2580%2599s%2520use%2520the%2520%253Cfont%253D%2522SpaceMono-Regular%2520SDF%2522%253E%253Cmark%253D%252300b7acaa%253Eifconfig%253C%252Fmark%253E%253C%252Ffont%253E%2520command%2520to%2520take%2520down%2520our%2520network%2520connection%2520and%2520isolate%2520our%2520workstation.%2520%250AWe%2520can%25E2%2580%2599t%2520risk%2520it%2520spreading%2520any%2520further.%22)+%2b+0.2)%0d%0a+nitroCaption(1)%0d%0aend+function%0d%0asequence.steps.push(sequenceStep)%0d%0a%0d%0asequenceStep+%3d+new+SequenceStep%0d%0asequenceStep.commandWaiting+%3d+getCommandWaiting(%22nitrocaption%22%2c+%22%22%2c+%5b+%221%22+%5d)%0d%0asequenceStep.action+%3d+function()%0d%0a+wait(nitroApp(%22Rascal%22%2c+%22First%252C%2520let%2527s%2520confirm%2520which%2520network%2520adapter%2520your%2520workstation%2520is%2520using.%2520%250ARun%2520the%2520following%2520command%2520to%2520list%2520all%2520network%2520interfaces%253A%250A%250A%253Cfont%253D%2522SpaceMono-Regular%2520SDF%2522%253E%253Cmark%253D%252300b7acaa%253Eifconfig%253C%252Fmark%253E%253C%252Ffont%253E%250A%250ALook%2520for%2520the%2520adapter%2520name%2520(typically%2520%253Cfont%253D%2522SpaceMono-Regular%2520SDF%2522%253E%253Cmark%253D%252300b7acaa%253E%253Cu%253Eeth0%253C%252Fu%253E%253C%252Fmark%253E%253C%252Ffont%253E%252C%2520%253Cfont%253D%2522SpaceMono-Regular%2520SDF%2522%253E%253Cmark%253D%252300b7acaa%253E%253Cu%253Eenp0s3%253C%252Fu%253E%253C%252Fmark%253E%253C%252Ffont%253E%252C%2520or%2520similar)%2520that%2520corresponds%2520to%2520your%2520active%2520network%2520connection.%22)+%2b+0.2)%0d%0aend+function%0d%0asequence.steps.push(sequenceStep)%0d%0a%0d%0asequenceStep+%3d+new+SequenceStep%0d%0asequenceStep.commandWaiting+%3d+getCommandWaiting(%22ifconfig%22%2c+%22infected_workstation%22%2c+%5b+%5d)%0d%0asequence.steps.push(sequenceStep)%0d%0a%0d%0awhile+sequence.isPerformed()+%3d%3d+0%0d%0a+wait(0.1)%0d%0aend+while%0d%0a%0d%0astartTimer(3300%2c+3300%2c+3300)%0d%0a%0d%0aupdateNotepad(%22%250A%22)%0d%0aupdateNotepad(%22Infected%2520Device%2520IP%253A%2520%257BDeviceIP%253Ainfected_workstation%257D%250ARoot%2520Password%253A%2520GrnzvkcfjvZj%22)%0d%0a%0d%0await(nitroApp(%22Rascal%22%2c+%22See%252C%2520our%2520workstation%2520is%2520using%2520%253Cu%253Eeth0%253C%252Fu%253E%2520adapter%2520so%252C%2520you%2527ll%2520want%2520to%2520run%2520this%2520command%253A%2520%253Cfont%253D%2522SpaceMono-Regular%2520SDF%2522%253E%253Cmark%253D%252300b7acaa%253Esudo%2520ifconfig%2520%253Cu%253Eeth0%253C%252Fu%253E%2520down%253C%252Fmark%253E%253C%252Ffont%253E.%2520%250A%250AThat%2520will%2520take%2520down%2520the%2520network%2520interface%2520and%2520isolate%2520our%2520machine%2520from%2520the%2520network.%22)+%2b+0.2)%0d%0anitroCaption(1)%0d%0a%0d%0asequence+%3d+new+Sequence%0d%0asequence.steps+%3d+%5b+%5d%0d%0a%0d%0asequenceStep+%3d+new+SequenceStep%0d%0asequenceStep.commandWaiting+%3d+getCommandWaiting(%22nitrocaption%22%2c+%22%22%2c+%5b+%221%22+%5d)%0d%0asequenceStep.action+%3d+function()%0d%0a+wait(nitroApp(%22Rascal%22%2c+%22Hey%2520Vikram%252C%2520%257BPlayerName%257D%2520is%2520using%2520sudo%252C%2520so%2520he%2520needs%2520the%2520sudo%2520password.%2520%250AHurry%252C%2520hurry%252C%2520what%2527s%2520the%2520password%253F%21%2520%22)+%2b+0.2)%0d%0a+nitroCaption(1)%0d%0aend+function%0d%0asequence.steps.push(sequenceStep)%0d%0a%0d%0asequenceStep+%3d+new+SequenceStep%0d%0asequenceStep.commandWaiting+%3d+getCommandWaiting(%22nitrocaption%22%2c+%22%22%2c+%5b+%221%22+%5d)%0d%0asequenceStep.action+%3d+function()%0d%0a+wait(nitroApp(%22Vikram%22%2c+%22The%2520password%2520is%253A%2520%253Ccolor%253D%2523D0F83E%253EGrnzvkcfjvZj%253C%252Fcolor%253E%22)+%2b+0.2)%0d%0aend+function%0d%0asequence.steps.push(sequenceStep)%0d%0a%0d%0asequenceStep+%3d+new+SequenceStep%0d%0asequenceStep.commandWaiting+%3d+getCommandWaiting(%22ifconfig%22%2c+%22infected_workstation%22%2c+%5b+%22eth0_down%22+%5d)%0d%0asequence.steps.push(sequenceStep)%0d%0a%0d%0awhile+sequence.isPerformed()+%3d%3d+0%0d%0a+wait(0.1)%0d%0aend+while%0d%0a%0d%0asetGoalAsCompleted(%22Isolate+the+infected+device(s)+from+the+network%22)%0d%0a%0d%0await(nitroApp(%22Rascal%22%2c+%22Alright%252C%2520%257BPlayerName%257D%252C%2520now%2520that%2520we%2527re%2520isolated%252C%2520let%25E2%2580%2599s%2520focus%2520on%2520creating%2520a%2520disk%2520image%2520of%2520the%2520infected%2520system.%2520%250AWe%2520need%2520to%2520preserve%2520everything%2521%250AEvery%2520file%252C%2520every%2520log%252C%2520every%2520detail%2520-before%2520we%2520start%2520any%2520cleanup.%22)+%2b+0.2)%0d%0anitroCaption(1)%0d%0a%0d%0asequence+%3d+new+Sequence%0d%0asequence.steps+%3d+%5b+%5d%0d%0a%0d%0asequenceStep+%3d+new+SequenceStep%0d%0asequenceStep.commandWaiting+%3d+getCommandWaiting(%22nitrocaption%22%2c+%22%22%2c+%5b+%221%22+%5d)%0d%0asequenceStep.action+%3d+function()%0d%0a+wait(nitroApp(%22Rascal%22%2c+%22Let%2527s%2520use%2520the%2520dd%2520command%2520to%2520create%2520a%2520forensic%2520copy%2520of%2520the%2520disk.%250A%253Cfont%253D%2522SpaceMono-Regular%2520SDF%2522%253E%253Cmark%253D%252300b7acaa%253Edd%253C%252Fmark%253E%253C%252Ffont%253E%2520stands%2520for%2520%253Cu%253EDisk%2520Duplicator%253C%252Fu%253E%21%250AHere%2527s%2520the%2520command%2520you%2527ll%2520need%253A%250A%250A%253Cfont%253D%2522SpaceMono-Regular%2520SDF%2522%253E%253Cmark%253D%252300b7acaa%253Esudo%2520dd%2520%253Cu%253Eif%253D%252Fdev%252Fsdd%253C%252Fu%253E%2520of%253D%253Cu%253E%252Fforensic_backup.dd%253C%252Fu%253E%2520bs%253D%253Cu%253E1M%253C%252Fu%253E%253C%252Fmark%253E%253C%252Ffont%253E%22)+%2b+0.2)%0d%0a+nitroCaption(1)%0d%0aend+function%0d%0asequence.steps.push(sequenceStep)%0d%0a%0d%0asequenceStep+%3d+new+SequenceStep%0d%0asequenceStep.commandWaiting+%3d+getCommandWaiting(%22nitrocaption%22%2c+%22%22%2c+%5b+%221%22+%5d)%0d%0asequenceStep.action+%3d+function()%0d%0a+wait(nitroApp(%22Vikram%22%2c+%22Okay%252C%2520but%2520what%2527s%2520all%2520this%2520extra%2520syntax%253F%21%250ARascal%252C%2520can%2520you%2520explain%253F%22)+%2b+0.2)%0d%0a+nitroCaption(1)%0d%0aend+function%0d%0asequence.steps.push(sequenceStep)%0d%0a%0d%0asequenceStep+%3d+new+SequenceStep%0d%0asequenceStep.commandWaiting+%3d+getCommandWaiting(%22nitrocaption%22%2c+%22%22%2c+%5b+%221%22+%5d)%0d%0asequenceStep.action+%3d+function()%0d%0a+wait(nitroApp(%22Rascal%22%2c+%22Sure%2520thing%252C%2520%257BPlayerName%257D%21%250AHere%2527s%2520how%2520it%2520breaks%2520down.%250AFirst%252C%2520%253Cfont%253D%2522SpaceMono-Regular%2520SDF%2522%253E%253Cmark%253D%252300b7acaa%253Esudo%253C%252Fmark%253E%253C%252Ffont%253E%2520%25E2%2580%2594%2520you%2520need%2520superuser%2520privileges%2520to%2520do%2520this.%250AIt%2527s%2520like%2520telling%2520your%2520computer%252C%2520%2527Hey%252C%2520I%2527m%2520about%2520to%2520make%2520a%2520major%2520change.%2527%250ANext%2520is%2520%253Cfont%253D%2522SpaceMono-Regular%2520SDF%2522%253E%253Cmark%253D%252300b7acaa%253Edd%253C%252Fmark%253E%253C%252Ffont%253E%252C%2520which%2520is%2520a%2520command%2520used%2520for%2520low-level%2520copying%2520of%2520data.%250AIt%2520makes%2520an%2520exact%2520clone%2520of%2520everything%2520on%2520your%2520disk.%250ANeat%252C%2520huh%253F%22)+%2b+0.2)%0d%0a+nitroCaption(1)%0d%0aend+function%0d%0asequence.steps.push(sequenceStep)%0d%0a%0d%0asequenceStep+%3d+new+SequenceStep%0d%0asequenceStep.commandWaiting+%3d+getCommandWaiting(%22nitrocaption%22%2c+%22%22%2c+%5b+%221%22+%5d)%0d%0asequenceStep.action+%3d+function()%0d%0a+wait(nitroApp(%22Vikram%22%2c+%22Got%2520it%252C%2520so%2520%253Cfont%253D%2522SpaceMono-Regular%2520SDF%2522%253E%253Cmark%253D%252300b7acaa%253Edd%253C%252Fmark%253E%253C%252Ffont%253E%2520is%2520doing%2520the%2520actual%2520cloning.%2520%250AWhat%2520about%2520that%2520%253Cfont%253D%2522SpaceMono-Regular%2520SDF%2522%253E%253Cmark%253D%252300b7acaa%253Eif%253C%252Fmark%253E%253C%252Ffont%253E%2520part%253F%22)+%2b+0.2)%0d%0a+nitroCaption(1)%0d%0aend+function%0d%0asequence.steps.push(sequenceStep)%0d%0a%0d%0asequenceStep+%3d+new+SequenceStep%0d%0asequenceStep.commandWaiting+%3d+getCommandWaiting(%22nitrocaption%22%2c+%22%22%2c+%5b+%221%22+%5d)%0d%0asequenceStep.action+%3d+function()%0d%0a+wait(nitroApp(%22Rascal%22%2c+%22Good%2520question%21%2520%250A%253Cfont%253D%2522SpaceMono-Regular%2520SDF%2522%253E%253Cmark%253D%252300b7acaa%253Eif%253D%253Cu%253E%252Fdev%252FsdX%253C%252Fu%253E%253C%252Fmark%253E%253C%252Ffont%253E%2520is%2520the%2520input%2520file.%2520This%2520tells%2520the%2520system%2520which%2520disk%2520we%25E2%2580%2599re%2520cloning.%2520%250A%250AYou%2527ll%2520need%2520to%2520replace%2520%253Cfont%253D%2522SpaceMono-Regular%2520SDF%2522%253E%253Cmark%253D%252300b7acaa%253E%253Cu%253E%252Fdev%252FsdX%253C%252Fu%253E%253C%252Fmark%253E%253C%252Ffont%253E%2520with%2520your%2520actual%2520disk%2520identifier%25E2%2580%2594something%2520like%2520%253Cfont%253D%2522SpaceMono-Regular%2520SDF%2522%253E%253Cmark%253D%252300b7acaa%253E%253Cu%253E%252Fdev%252Fsdd%253C%252Fu%253E%253C%252Fmark%253E%253C%252Ffont%253E%2520or%2520%253Cfont%253D%2522SpaceMono-Regular%2520SDF%2522%253E%253Cmark%253D%252300b7acaa%253E%253Cu%253E%252Fdev%252Fnvme0n1%253C%252Fu%253E%253C%252Fmark%253E%253C%252Ffont%253E%252C%2520depending%2520on%2520your%2520system.%2520%250A%250ATo%2520find%2520that%2520out%252C%2520run%2520the%2520command%253A%2520%253Cfont%253D%2522SpaceMono-Regular%2520SDF%2522%253E%253Cmark%253D%252300b7acaa%253Elsblk%253C%252Fmark%253E%253C%252Ffont%253E%2520to%2520list%2520all%2520the%2520connected%2520disks.%22)+%2b+0.2)%0d%0aend+function%0d%0asequence.steps.push(sequenceStep)%0d%0a%0d%0asequenceStep+%3d+new+SequenceStep%0d%0asequenceStep.commandWaiting+%3d+getCommandWaiting(%22lsblk%22%2c+%22infected_workstation%22%2c+%5b+%5d)%0d%0asequence.steps.push(sequenceStep)%0d%0a%0d%0awhile+sequence.isPerformed()+%3d%3d+0%0d%0a+wait(0.1)%0d%0aend+while%0d%0a%0d%0await(nitroApp(%22Rascal%22%2c+%22Alright%252C%2520It%2520looks%2520like%2520your%2520disk%2520identifier%2520is%2520%253Cfont%253D%2522SpaceMono-Regular%2520SDF%2522%253E%253Cmark%253D%252300b7acaa%253Edev%252Fsdd%253C%252Fmark%253E%253C%252Ffont%253E.%2520That%2527s%2520the%2520one%2520we%2520want%2520to%2520clone%2521%2520Now%252C%2520go%2520ahead%2520and%2520update%2520the%2520command%2520with%2520that%2520identifier.%22)+%2b+0.2)%0d%0anitroCaption(1)%0d%0a%0d%0asequence+%3d+new+Sequence%0d%0asequence.steps+%3d+%5b+%5d%0d%0a%0d%0asequenceStep+%3d+new+SequenceStep%0d%0asequenceStep.commandWaiting+%3d+getCommandWaiting(%22nitrocaption%22%2c+%22%22%2c+%5b+%221%22+%5d)%0d%0asequenceStep.action+%3d+function()%0d%0a+wait(nitroApp(%22Rascal%22%2c+%22Now%252C%2520for%2520the%2520%253Cfont%253D%2522SpaceMono-Regular%2520SDF%2522%253E%253Cmark%253D%252300b7acaa%253Eof%253D%253Cu%253E%252Fforensic_backup.dd%253C%252Fu%253E%253C%252Fmark%253E%253C%252Ffont%253E%2520part-this%2520is%2520where%2520your%2520disk%2520image%2520will%2520be%2520saved.%2520%250AYou%2520can%2520keep%2520it%2520as%2520is%2520or%2520change%2520the%2520path%2520to%2520another%2520location%2520if%2520needed.%2520%250AAnd%2520%253Cfont%253D%2522SpaceMono-Regular%2520SDF%2522%253E%253Cmark%253D%252300b7acaa%253Ebs%253D%253Cu%253E1M%253C%252Fu%253E%253C%252Fmark%253E%253C%252Ffont%253E%2520is%2520just%2520the%2520block%2520size%2520-%2520how%2520much%2520data%2520is%2520copied%2520at%2520once.%2520%253Cu%253E1MB%253C%252Fu%253E%2520is%2520a%2520good%2520standard.%22)+%2b+0.2)%0d%0a+nitroCaption(1)%0d%0aend+function%0d%0asequence.steps.push(sequenceStep)%0d%0a%0d%0asequenceStep+%3d+new+SequenceStep%0d%0asequenceStep.commandWaiting+%3d+getCommandWaiting(%22nitrocaption%22%2c+%22%22%2c+%5b+%221%22+%5d)%0d%0asequenceStep.action+%3d+function()%0d%0a+wait(nitroApp(%22Rascal%22%2c+%22Great%21%2520Now%252C%2520here%2527s%2520what%2520we%2527re%2520doing%253A%250A%250A-%2520%253Cfont%253D%2522SpaceMono-Regular%2520SDF%2522%253E%253Cmark%253D%252300b7acaa%253Eif%253D%253Cu%253E%252Fdev%252Fsdd%253C%252Fu%253E%253C%252Fmark%253E%253C%252Ffont%253E%2520tells%2520the%2520system%2520to%2520take%2520everything%2520from%2520your%2520main%2520disk%2520(which%2520is%2520%252Fdev%252Fsdd).%250A%250A-%2520%253Cfont%253D%2522SpaceMono-Regular%2520SDF%2522%253E%253Cmark%253D%252300b7acaa%253Eof%253D%253Cu%253E%252Fforensic_backup.dd%253C%252Fu%253E%253C%252Fmark%253E%253C%252Ffont%253E%2520specifies%2520where%2520you%2520want%2520to%2520save%2520the%2520copy%252C%2520which%2520will%2520be%2520a%2520file%2520named%2520forensic_backup.dd.%250A%250A-%2520%253Cfont%253D%2522SpaceMono-Regular%2520SDF%2522%253E%253Cmark%253D%252300b7acaa%253Ebs%253D%253Cu%253E1M%253C%252Fu%253E%253C%252Fmark%253E%253C%252Ffont%253E%2520means%2520it%2527s%2520copying%2520data%2520in%2520chunks%2520of%25201%2520megabyte%2520at%2520a%2520time%252C%2520which%2520is%2520a%2520good%2520balance%2520for%2520speed.%250A%250ANow%252C%2520go%2520ahead%2520and%2520run%2520this%2520command%2520to%2520start%2520the%2520imaging%2520process%253A%250A%250A%253Cfont%253D%2522SpaceMono-Regular%2520SDF%2522%253E%253Cmark%253D%252300b7acaa%253Esudo%2520dd%2520if%253D%253Cu%253E%252Fdev%252Fsdd%253C%252Fu%253E%2520of%253D%253Cu%253E%252Fforensic_backup.dd%253C%252Fu%253E%2520bs%253D%253Cu%253E1M%253C%252Fu%253E%253C%252Fmark%253E%253C%252Ffont%253E%22)+%2b+0.2)%0d%0aend+function%0d%0asequence.steps.push(sequenceStep)%0d%0a%0d%0asequenceStep+%3d+new+SequenceStep%0d%0asequenceStep.commandWaiting+%3d+getCommandWaiting(%22dd%22%2c+%22infected_workstation%22%2c+%5b+%22create%3dsuccess%22%2c+%22root%22%2c+%22bs%3d1M%22+%5d)%0d%0asequence.steps.push(sequenceStep)%0d%0a%0d%0awhile+sequence.isPerformed()+%3d%3d+0%0d%0a+wait(0.1)%0d%0aend+while%0d%0a%0d%0asetGoalAsCompleted(%22Take+a+forensic+copy+of+the+current+infected+server+for+investigation+purposes%22)%0d%0a%0d%0await(nitroApp(%22Vikram%22%2c+%22Great%21%2520%250AWe%2520saved%2520a%2520%253Cfont%253D%2522SpaceMono-Regular%2520SDF%2522%253E%253Cmark%253D%252300b7acaa%253Eforensic_backup.dd%253C%252Fmark%253E%253C%252Ffont%253E%2520%2520file%2520so...%2520-%2520what%2520now%252C%2520Rascal%253F%22)+%2b+0.2)%0d%0a%0d%0anitroCaption(1)%0d%0a%0d%0asequence+%3d+new+Sequence%0d%0asequence.steps+%3d+%5b+%5d%0d%0a%0d%0asequenceStep+%3d+new+SequenceStep%0d%0asequenceStep.commandWaiting+%3d+getCommandWaiting(%22nitrocaption%22%2c+%22%22%2c+%5b+%221%22+%5d)%0d%0asequenceStep.action+%3d+function()%0d%0a+wait(nitroApp(%22Rascal%22%2c+%22Now%252C%2520we%2520need%2520to%2520%253Cb%253Emove%2520the%2520forensic%2520copy%253C%252Fb%253E%2520to%2520a%2520safe%2520spot%2520so%2520we%2520can%2520investigate%2520later.%2520%250AWe%2520don%2527t%2520want%2520it%2520just%2520sitting%2520on%2520the%2520infected%2520system.%2520%250ALet%2527s%2520upload%2520it%2520to%2520the%2520backup%2520server.%22)+%2b+0.2)%0d%0a+nitroCaption(1)%0d%0aend+function%0d%0asequence.steps.push(sequenceStep)%0d%0a%0d%0asequenceStep+%3d+new+SequenceStep%0d%0asequenceStep.commandWaiting+%3d+getCommandWaiting(%22nitrocaption%22%2c+%22%22%2c+%5b+%221%22+%5d)%0d%0asequenceStep.action+%3d+function()%0d%0a+wait(nitroApp(%22Vikram%22%2c+%22Got+it.+How+do+I+do+that%3f%22)+%2b+0.2)%0d%0a+nitroCaption(1)%0d%0aend+function%0d%0asequence.steps.push(sequenceStep)%0d%0a%0d%0asequenceStep+%3d+new+SequenceStep%0d%0asequenceStep.commandWaiting+%3d+getCommandWaiting(%22nitrocaption%22%2c+%22%22%2c+%5b+%221%22+%5d)%0d%0asequenceStep.action+%3d+function()%0d%0a+wait(nitroApp(%22Rascal%22%2c+%22We%2527ll%2520use%2520scp%2520(secure%2520copy)%2520to%2520transfer%2520it.%250AIt%2527s%2520a%2520simple%2520command%2520that%2520lets%2520you%2520copy%2520files%2520between%2520machines%2520over%2520a%2520secure%2520connection.%2520Here%2527s%2520how%2520you%2520do%2520it%253A%250A%250A%253Cfont%253D%2522SpaceMono-Regular%2520SDF%2522%253E%253Cmark%253D%252300b7acaa%253Escp%2520%253Cu%253E%252Fforensic_backup.dd%2520ScoobyDu%2540%257BDeviceIP%253ABackup_Server%257D%253A%252Fpath%252Fto%252Fbackup%252Flocation%253C%252Fu%253E%253C%252Fmark%253E%253C%252Ffont%253E%250A%250AThis%2520command%2520tells%2520your%2520system%2520to%2520send%2520the%2520forensic%2520copy%2520(%253Cu%253E%252Fforensic_backup.dd%253C%252Fu%253E)%2520to%2520the%2520backup%2520server%2520at%2520%253Ccolor%253D%2523E82629%253E%257BDeviceIP%253ABackup_Server%257D%253C%252Fcolor%253E.%250AAfter%2520you%2520hit%2520Enter%252C%2520you%2527ll%2520be%2520prompted%2520to%2520type%2520in%2520the%2520password%2520for%2520the%2520backup%2520server.%250A%250AJust%2520type%2520in%2520%253Ccolor%253D%2523D0F83E%253EShoobieDoobieDoo%253C%252Fcolor%253E%2520and%2520hit%2520Enter%2520again%2520to%2520authenticate.%250AOnce%2520you%2527re%2520authenticated%252C%2520the%2520transfer%2520will%2520start%252C%2520and%2520you%2520can%2520keep%2520an%2520eye%2520on%2520the%2520progress%2520to%2520make%2520sure%2520everything%2520goes%2520smoothly.%22)+%2b+0.2)%0d%0aend+function%0d%0asequence.steps.push(sequenceStep)%0d%0a%0d%0asequenceStep+%3d+new+SequenceStep%0d%0asequenceStep.commandWaiting+%3d+getCommandWaiting(%22scp%22%2c+%22%22%2c+%5b+%22infected_workstation%22%2c+%22Backup_Server%22+%5d)%0d%0asequence.steps.push(sequenceStep)%0d%0a%0d%0awhile+sequence.isPerformed()+%3d%3d+0%0d%0a+wait(0.1)%0d%0aend+while%0d%0a%0d%0await(nitroApp(%22Rascal%22%2c+%22Nice%21%2520Now%2520that%2520the%2520forensic%2520copy%2520is%2520safe%252C%2520we%2520need%2520to%2520%253Cb%253Edouble-check%2520the%2520network%253C%252Fb%253E%2520for%2520any%2520signs%2520of%2520lingering%2520infection%2520before%2520restoring%2520from%2520the%2520backup.%2520%22)+%2b+0.2)%0d%0a%0d%0anitroCaption(1)%0d%0a%0d%0asequence+%3d+new+Sequence%0d%0asequence.steps+%3d+%5b+%5d%0d%0a%0d%0asequenceStep+%3d+new+SequenceStep%0d%0asequenceStep.commandWaiting+%3d+getCommandWaiting(%22nitrocaption%22%2c+%22%22%2c+%5b+%221%22+%5d)%0d%0asequenceStep.action+%3d+function()%0d%0a+wait(nitroApp(%22Vikram%22%2c+%22Got+it.+How+do+I+check+the+network+for+any+signs+of+lingering+infection%3f%22)+%2b+0.2)%0d%0a+nitroCaption(1)%0d%0aend+function%0d%0asequence.steps.push(sequenceStep)%0d%0a%0d%0asequenceStep+%3d+new+SequenceStep%0d%0asequenceStep.commandWaiting+%3d+getCommandWaiting(%22nitrocaption%22%2c+%22%22%2c+%5b+%221%22+%5d)%0d%0asequenceStep.action+%3d+function()%0d%0a+wait(nitroApp(%22Rascal%22%2c+%22We%2527ll%2520use%2520%253Cfont%253D%2522SpaceMono-Regular%2520SDF%2522%253E%253Cmark%253D%252300b7acaa%253Enetstat%2520%253C%252Fmark%253E%253C%252Ffont%253E%2520to%2520list%2520all%2520active%2520network%2520connections%252C%2520including%2520the%2520open%2520ports%2520and%2520the%2520processes%2520using%2520them%253A%250A%250A%253Cfont%253D%2522SpaceMono-Regular%2520SDF%2522%253E%253Cmark%253D%252300b7acaa%253Enetstat%2520-tulnp%253C%252Fmark%253E%253C%252Ffont%253E%22)+%2b+0.2)%0d%0a+nitroCaption(1)%0d%0aend+function%0d%0asequence.steps.push(sequenceStep)%0d%0a%0d%0asequenceStep+%3d+new+SequenceStep%0d%0asequenceStep.commandWaiting+%3d+getCommandWaiting(%22nitrocaption%22%2c+%22%22%2c+%5b+%221%22+%5d)%0d%0asequenceStep.action+%3d+function()%0d%0a+wait(nitroApp(%22Rascal%22%2c+%22This%2520will%2520show%2520you%2520all%2520active%2520TCP%2520and%2520UDP%2520connections%252C%2520as%2520well%2520as%2520the%2520process%2520IDs%2520(PIDs)%2520using%2520those%2520connections.%2520%250A%250ALook%2520for%2520anything%2520unusual%2520-%2520like%2520unknown%2520IP%2520addresses%2520or%2520ports%2520that%2520shouldn%2527t%2520be%2520open.%2520%250AIf%2520you%2520see%2520any%2520processes%2520connecting%2520to%2520suspicious%2520external%2520servers%252C%2520that%2527s%2520a%2520red%2520flag.%250A%250AOnce%2520you%2527ve%2520got%2520the%2520results%2520from%2520%253Cfont%253D%2522SpaceMono-Regular%2520SDF%2522%253E%253Cmark%253D%252300b7acaa%253Enetstat%253C%252Fmark%253E%253C%252Ffont%253E%252C%2520we%2527ll%2520move%2520onto%2520checking%2520the%2520active%2520processes.%2520%250ABut%2520first%252C%2520go%2520ahead%2520and%2520run%2520that%2520command%252C%2520and%2520let%2527s%2520see%2520what%2520you%2520find.%22)+%2b+0.2)%0d%0aend+function%0d%0asequence.steps.push(sequenceStep)%0d%0a%0d%0asequenceStep+%3d+new+SequenceStep%0d%0asequenceStep.commandWaiting+%3d+getCommandWaiting(%22netstat%22%2c+%22%22%2c+%5b+%22-tulnp%22+%5d)%0d%0asequence.steps.push(sequenceStep)%0d%0a%0d%0awhile+sequence.isPerformed()+%3d%3d+0%0d%0a+wait(0.1)%0d%0aend+while%0d%0a%0d%0aunlockApp(%22kill%22)%0d%0a%0d%0await(nitroApp(%22Rascal%22%2c+%22Oh%252C%2520mannnnn.%2520That%2527s%2520not%2520good%21%2520%250A%250AThe%2520ransomware%2520has%2520created%2520an%2520external%2520connection%252C%2520listening%2520on%2520port%2520443%2520with%2520a%2520Python%2520script.%2520%250AIt%2527s%2520waiting%2520for%2520incoming%2520connections%2520from%2520the%2520attacker.%2520%250A%250AThis%2520could%2520allow%2520the%2520attacker%2520to%2520send%2520commands%252C%2520exfiltrate%2520data%252C%2520or%2520escalate%2520the%2520attack%2520further.%2520%250AWe%2520need%2520to%2520kill%2520that%2520process%2520immediately%2520using%2520the%2520%253Cfont%253D%2522SpaceMono-Regular%2520SDF%2522%253E%253Cmark%253D%252300b7acaa%253Ekill%253C%252Fmark%253E%253C%252Ffont%253E%2520command.%22)+%2b+0.2)%0d%0anitroCaption(1)%0d%0a%0d%0asequence+%3d+new+Sequence%0d%0asequence.steps+%3d+%5b+%5d%0d%0a%0d%0asequenceStep+%3d+new+SequenceStep%0d%0asequenceStep.commandWaiting+%3d+getCommandWaiting(%22nitrocaption%22%2c+%22%22%2c+%5b+%221%22+%5d)%0d%0asequenceStep.action+%3d+function()%0d%0a+wait(nitroApp(%22Rascal%22%2c+%22We%2520can%2520kill%2520the%2520process%2520by%2520running%2520sudo%2520%253Cfont%253D%2522SpaceMono-Regular%2520SDF%2522%253E%253Cmark%253D%252300b7acaa%253Ekill%2520-9%2520%253Cu%253E%253Cpid%253E%253C%252Fu%253E%253C%252Fmark%253E%253C%252Ffont%253E%2520to%2520stop%2520the%2520Python%2520script%2520and%2520block%2520the%2520attacker%2527s%2520connection.%22)+%2b+0.2)%0d%0aend+function%0d%0asequence.steps.push(sequenceStep)%0d%0a%0d%0asequenceStep+%3d+new+SequenceStep%0d%0asequenceStep.commandWaiting+%3d+getCommandWaiting(%22kill%22%2c+%22infected_workstation%22%2c+%5b+%22python3%22+%5d)%0d%0asequence.steps.push(sequenceStep)%0d%0a%0d%0awhile+sequence.isPerformed()+%3d%3d+0%0d%0a+wait(0.1)%0d%0aend+while%0d%0a%0d%0astop_timer()%0d%0a%0d%0asetGoalAsCompleted(%22Kill+any+external+connections+and+processes%22)%0d%0a%0d%0await(nitroApp(%22Rascal%22%2c+%22Savagely%2520slayed.%2520%250AWell%2520done%2520%257BPlayerName%257D%252C%2520we%2520terminated%2520the%2520malicious%2520python3%2520process%21%2520%250A%250AOur%2520next%2520task%2520is%2520to%2520check%2520for%2520any%2520suspicious%2520processes%2520that%2520might%2520still%2520be%2520running%2520and%2520kill%2520them%2520dead%2520like%2520John%2520wick.%22)+%2b+0.2)%0d%0anitroCaption(1)%0d%0a%0d%0asequence+%3d+new+Sequence%0d%0asequence.steps+%3d+%5b+%5d%0d%0a%0d%0asequenceStep+%3d+new+SequenceStep%0d%0asequenceStep.commandWaiting+%3d+getCommandWaiting(%22nitrocaption%22%2c+%22%22%2c+%5b+%221%22+%5d)%0d%0asequenceStep.action+%3d+function()%0d%0a+wait(nitroApp(%22Rascal%22%2c+%22Next%2520up%252C%2520let%2527s%2520look%2520at%2520the%2520active%2520processes%2520to%2520see%2520if%2520anything%2520suspicious%2520is%2520still%2520running.%2520%250AUse%2520%253Cfont%253D%2522SpaceMono-Regular%2520SDF%2522%253E%253Cmark%253D%252300b7acaa%253Eps%253C%252Fmark%253E%253C%252Ffont%253E%2520to%2520list%2520all%2520active%2520processes%253A%250A%250A%253Cfont%253D%2522SpaceMono-Regular%2520SDF%2522%253E%253Cmark%253D%252300b7acaa%253Eps%2520aux%253C%252Fmark%253E%253C%252Ffont%253E%250A%250AThis%2520will%2520show%2520every%2520process%2520running%2520on%2520the%2520system.%2520%250AYou%2527re%2520looking%2520for%2520anything%2520unusual%252C%2520-like%2520processes%2520that%2520shouldn%2527t%2520be%2520there%252C%2520or%2520ones%2520connecting%2520to%2520external%2520servers.%250AGo%2520ahead%2520and%2520run%2520that%2520command%252C%2520-I%2527ll%2520help%2520you%2520analyze%2520the%2520output.%22)+%2b+0.2)%0d%0aend+function%0d%0asequence.steps.push(sequenceStep)%0d%0a%0d%0asequenceStep+%3d+new+SequenceStep%0d%0asequenceStep.commandWaiting+%3d+getCommandWaiting(%22ps%22%2c+%22%22%2c+%5b+%22aux%22+%5d)%0d%0asequence.steps.push(sequenceStep)%0d%0a%0d%0awhile+sequence.isPerformed()+%3d%3d+0%0d%0a+wait(0.1)%0d%0aend+while%0d%0a%0d%0await(nitroApp(%22Rascal%22%2c+%22Mmm-hmmm.+Everything+looks+normal.+Nothing+suspicious+here%21+%22)+%2b+0.2)%0d%0anitroCaption(1)%0d%0a%0d%0asequence+%3d+new+Sequence%0d%0asequence.steps+%3d+%5b+%5d%0d%0a%0d%0asequenceStep+%3d+new+SequenceStep%0d%0asequenceStep.commandWaiting+%3d+getCommandWaiting(%22nitrocaption%22%2c+%22%22%2c+%5b+%221%22+%5d)%0d%0asequenceStep.action+%3d+function()%0d%0a+wait(nitroApp(%22Rascal%22%2c+%22Nice%2520work%2520on%2520checking%2520the%2520network%2520and%2520processes%21%2520%250ANow%2520that%2520we%25E2%2580%2599ve%2520reviewed%2520the%2520processes%2520running%252C%2520we%2520can%2520move%2520onto%2520cleaning%2520up%2520any%2520remaining%2520malware%2520artifacts.%22)+%2b+0.2)%0d%0a+nitroCaption(1)%0d%0aend+function%0d%0asequence.steps.push(sequenceStep)%0d%0a%0d%0asequenceStep+%3d+new+SequenceStep%0d%0asequenceStep.commandWaiting+%3d+getCommandWaiting(%22nitrocaption%22%2c+%22%22%2c+%5b+%221%22+%5d)%0d%0asequenceStep.action+%3d+function()%0d%0a+wait(nitroApp(%22Rascal%22%2c+%22Sometimes%2520malware%2520leaves%2520behind%2520files%2520or%2520hidden%2520components%2520that%2520don%2527t%2520get%2520cleaned%2520up%2520in%2520a%2520simple%2520process%2520kill.%250ARather%2520than%2520running%2520a%2520search%2520command%252C%2520let%2527s%2520go%2520through%2520the%2520system%2520manually%2520and%2520look%2520for%2520any%2520files%2520or%2520directories%2520that%2520don%2527t%2520belong.%250A%250AFirst%252C%2520let%2527s%2520start%2520by%2520checking%2520the%2520usual%2520locations%2520where%2520malware%2520likes%2520to%2520hide.%250AYou%2520can%2520begin%2520by%2520navigating%2520to%2520the%2520home%2520directory%250A%250A%253Cfont%253D%2522SpaceMono-Regular%2520SDF%2522%253E%253Cmark%253D%252300b7acaa%253Ecd%2520%253Cu%253E%252Fhome%253C%252Fu%253E%253C%252Fmark%253E%253C%252Ffont%253E%250A%250ALook%2520for%2520any%2520unusual%2520files%2520in%2520other%2520directories%252C%2520as%2520well.%2520%22)+%2b+0.2)%0d%0aend+function%0d%0asequence.steps.push(sequenceStep)%0d%0a%0d%0asequenceStep+%3d+new+SequenceStep%0d%0asequenceStep.commandWaiting+%3d+getCommandWaiting(%22cd%22%2c+%22infected_workstation%22%2c+%5b+%22%2fhome%2f%22+%5d)%0d%0asequenceStep.action+%3d+function()%0d%0a+wait(nitroApp(%22Rascal%22%2c+%22Look%2520through%2520the%2520logs%2520for%2520any%2520suspicious%2520activity%2520or%2520entries%2520that%2520don%2527t%2520make%2520sense.%2520%250A%250ASometimes%2520malware%2520leaves%2520behind%2520logs%2520that%2520can%2520help%2520us%2520understand%2520what%2520happened.%250A%250AOnce%2520you%2527ve%2520navigated%2520through%2520these%2520directories%2520and%2520cleaned%2520up%2520any%2520suspicious%2520files%2520or%2520directories%252C%2520we%2520can%2520move%2520onto%2520restoring%2520the%2520system%2520from%2520the%2520clean%2520backup.%22)+%2b+0.2)%0d%0a+nitroCaption(1)%0d%0aend+function%0d%0asequence.steps.push(sequenceStep)%0d%0a%0d%0asequenceStep+%3d+new+SequenceStep%0d%0asequenceStep.commandWaiting+%3d+getCommandWaiting(%22nitrocaption%22%2c+%22%22%2c+%5b+%221%22+%5d)%0d%0asequenceStep.action+%3d+function()%0d%0a+wait(nitroApp(%22Rascal%22%2c+%22If%2520you%2520find%2520anything%2520that%2520looks%2520suspicious%2520-%2520especially%2520files%2520with%2520weird%2520names%2520or%2520ones%2520you%2520didn%2527t%2520put%2520there%2520-%2520go%2520ahead%2520and%2520remove%2520them.%2520%250A%250AYou%2520can%2520use%2520%253Cfont%253D%2522SpaceMono-Regular%2520SDF%2522%253E%253Cmark%253D%252300b7acaa%253Erm%253C%252Fmark%253E%253C%252Ffont%253E%2520to%2520delete%2520files%2520and%2520%253Cfont%253D%2522SpaceMono-Regular%2520SDF%2522%253E%253Cmark%253D%252300b7acaa%253Erm%2520-r%253C%252Fmark%253E%253C%252Ffont%253E%2520to%2520remove%2520directories%2520if%2520necessary.%250A%250AJust%2520make%2520sure%2520you%2527re%2520not%2520deleting%2520anything%2520that%2520looks%2520like%2520a%2520system%2520file%2520you%2520might%2520need%252C%2520but%2520if%2520it%2527s%2520definitely%2520malware%252C%2520-%2520get%2520rid%2520of%2520it%21%22)+%2b+0.2)%0d%0a+nitroCaption(1)%0d%0aend+function%0d%0asequence.steps.push(sequenceStep)%0d%0a%0d%0asequenceStep+%3d+new+SequenceStep%0d%0asequenceStep.commandWaiting+%3d+getCommandWaiting(%22nitrocaption%22%2c+%22%22%2c+%5b+%221%22+%5d)%0d%0asequenceStep.action+%3d+function()%0d%0a+wait(nitroApp(%22Rascal%22%2c+%22No%2520unusual%2520files%2520found%252C%2520just%2520the%2520usual%2520ones%2520encrypted%2520with%2520some%2520fancy%2520cryptography.%2520%250ATime%2520to%2520bust%2520out%2520the%2520restoration%2520skills%21%22)+%2b+0.2)%0d%0a+nitroCaption(1)%0d%0aend+function%0d%0asequence.steps.push(sequenceStep)%0d%0a%0d%0asequenceStep+%3d+new+SequenceStep%0d%0asequenceStep.commandWaiting+%3d+getCommandWaiting(%22nitrocaption%22%2c+%22%22%2c+%5b+%221%22+%5d)%0d%0asequenceStep.action+%3d+function()%0d%0a+wait(nitroApp(%22Rascal%22%2c+%22%257BPlayerName%257D%252C%2520I%2527ve%2520got%2520you%2520covered%21%250AI%2527ve%2520got%2520Vikram%2527s%2520backup%2520server%2520credentials%2520saved%2520in%2520my%2520notes.%250ALogin%2520with%2520this%2520info%253A%250A%250AIP%253A%2520%253Ccolor%253D%2523E82629%253E%257BDeviceIP%253ABackup_Server%257D%253C%252Fcolor%253E%250AUsername%253A%2520%253Ccolor%253D%2523D0F83E%253EScoobyDu%253C%252Fcolor%253E%250APassword%253A%2520%253Ccolor%253D%2523D0F83E%253EShoobieDoobieDoo%253C%252Fcolor%253E%250A%250AGo%2520ahead%2520and%2520login.%22)+%2b+0.2)%0d%0aend+function%0d%0asequence.steps.push(sequenceStep)%0d%0a%0d%0asequenceStep+%3d+new+SequenceStep%0d%0asequenceStep.commandWaiting+%3d+getCommandWaiting(%22ssh%22%2c+%22Backup_Server%22%2c+%5b+%5d)%0d%0asequence.steps.push(sequenceStep)%0d%0a%0d%0awhile+sequence.isPerformed()+%3d%3d+0%0d%0a+wait(0.1)%0d%0aend+while%0d%0a%0d%0await(nitroApp(%22Rascal%22%2c+%22Great%21%2520%250A%250ALet%2527s%2520run%2520some%2520%253Cfont%253D%2522SpaceMono-Regular%2520SDF%2522%253E%253Cmark%253D%252300b7acaa%253Els%253C%252Fmark%253E%253C%252Ffont%253E%2520and%2520%253Cfont%253D%2522SpaceMono-Regular%2520SDF%2522%253E%253Cmark%253D%252300b7acaa%253Ecd%253C%252Fmark%253E%253C%252Ffont%253E%2520commands%2520to%2520find%2520those%2520previous%2520safe%2520backup%2520files%21%22)+%2b+0.2)%0d%0a%0d%0asequence+%3d+new+Sequence%0d%0asequence.steps+%3d+%5b+%5d%0d%0a%0d%0asequenceStep+%3d+new+SequenceStep%0d%0asequenceStep.commandWaiting+%3d+getCommandWaiting(%22cd%22%2c+%22Backup_Server%22%2c+%5b+%22%2fbackup%2f%22+%5d)%0d%0asequenceStep.action+%3d+function()%0d%0a+wait(nitroApp(%22Rascal%22%2c+%22We%2520are%2520into%2520the%2520backup%2520dir%2520now.%2520%250A%250ALet%2527s%2520run%2520the%2520%253Cfont%253D%2522SpaceMono-Regular%2520SDF%2522%253E%253Cmark%253D%252300b7acaa%253Els%253C%252Fmark%253E%253C%252Ffont%253E%2520command%2520to%2520see%2520if%2520we%2520have%2520any%2520recent%2520backups.%2520%22)+%2b+0.2)%0d%0aend+function%0d%0asequence.steps.push(sequenceStep)%0d%0a%0d%0asequenceStep+%3d+new+SequenceStep%0d%0asequenceStep.commandWaiting+%3d+getCommandWaiting(%22ls%22%2c+%22Backup_Server%22%2c+%5b+%22%2fbackup%22+%5d)%0d%0asequenceStep.action+%3d+function()%0d%0a+wait(nitroApp(%22Rascal%22%2c+%22Looks%2520like%2520Backup_Q2.dd%2520is%2520the%2520most%2520recent.%2520%250A%250AUse%2520the%2520scp%2520command%2520to%2520copy%2520it%2520to%2520Vikram%25E2%2580%2599s%2520device.%22)+%2b+0.2)%0d%0a+nitroCaption(1)%0d%0aend+function%0d%0asequence.steps.push(sequenceStep)%0d%0a%0d%0asequenceStep+%3d+new+SequenceStep%0d%0asequenceStep.commandWaiting+%3d+getCommandWaiting(%22nitrocaption%22%2c+%22%22%2c+%5b+%221%22+%5d)%0d%0asequenceStep.action+%3d+function()%0d%0a+wait(nitroApp(%22Rascal%22%2c+%22Since%2520you%2527re%2520currently%2520in%2520the%2520backup%2520server%252C%2520you%2527ll%2520need%2520to%2520%253Cfont%253D%2522SpaceMono-Regular%2520SDF%2522%253E%253Cmark%253D%252300b7acaa%253Eexit%253C%252Fmark%253E%253C%252Ffont%253E%2520and%2520return%2520to%2520your%2520workstation%2520to%2520use%2520the%2520%253Cfont%253D%2522SpaceMono-Regular%2520SDF%2522%253E%253Cmark%253D%252300b7acaa%253Escp%253C%252Fmark%253E%253C%252Ffont%253E%2520command%2520and%2520copy%2520the%2520file%2520to%2520Vikram%2527s%2520device.%22)+%2b+0.2)%0d%0aend+function%0d%0asequence.steps.push(sequenceStep)%0d%0a%0d%0asequenceStep+%3d+new+SequenceStep%0d%0asequenceStep.commandWaiting+%3d+getCommandWaiting(%22exit%22%2c+%22%22%2c+%5b+%5d)%0d%0asequenceStep.action+%3d+function()%0d%0a+wait(nitroApp(%22Rascal%22%2c+%22Good.%2520Now%2520that%2520you%2527re%2520back%2520on%2520your%2520workstation%252C%2520use%2520the%2520following%2520scp%2520command%2520to%2520copy%2520the%2520file%2520from%2520the%2520backup%2520server%253A%250A%250A%253Cfont%253D%2522SpaceMono-Regular%2520SDF%2522%253E%253Cmark%253D%252300b7acaa%253Escp%2520%253Cu%253EScoobyDu%2540%253Ccolor%253D%2523E82629%253E%257BDeviceIP%253ABackup_Server%257D%253C%252Fcolor%253E%253A%252Fbackup%252FBackup_Q2.dd%253C%252Fu%253E%2520%253Cu%253EBackup_Q2.dd%253C%252Fu%253E%253C%252Fmark%253E%253C%252Ffont%253E%250A%250AThis%2520command%2520connects%2520to%2520the%2520backup%2520server%2520using%2520the%2520username%2520ScoobyDu%2520and%2520the%2520IP%2520address%2520%253Ccolor%253D%2523E82629%253E%257BDeviceIP%253ABackup_Server%257D%253C%252Fcolor%253E.%2520%250A%250AIt%2520then%2520copies%2520the%2520file%2520%253Cu%253EBackup_Q2.dd%253C%252Fu%253E%2520from%2520the%2520%253Cu%253E%252FBackup%252F%253C%252Fu%253E%2520directory%2520on%2520the%2520backup%2520server%2520to%2520your%2520current%2520directory%2520on%2520your%2520workstation%252C%2520saving%2520it%2520as%2520%253Cu%253EBackup_Q2.dd%253C%252Fu%253E.%22)+%2b+0.2)%0d%0aend+function%0d%0asequence.steps.push(sequenceStep)%0d%0a%0d%0asequenceStep+%3d+new+SequenceStep%0d%0asequenceStep.commandWaiting+%3d+getCommandWaiting(%22scp%22%2c+%22infected_workstation%22%2c+%5b+%22Backup_Server%22%2c+%22src%3d%2fbackup%2fBackup_Q2.dd%22+%5d)%0d%0asequence.steps.push(sequenceStep)%0d%0a%0d%0awhile+sequence.isPerformed()+%3d%3d+0%0d%0a+wait(0.1)%0d%0aend+while%0d%0a%0d%0await(nitroApp(%22Rascal%22%2c+%22%253Cfont%253D%2522SpaceMono-Regular%2520SDF%2522%253E%253Cmark%253D%252300b7acaa%253E%250A%253C%252Fmark%253E%253C%252Ffont%253E%250A%250AFrom%253A%2520%253Ccolor%253D%2523D0F83E%253Esorceress%2540gcorp.com%253C%252Fcolor%253E%250AText%253A%2520%253Ccolor%253D%2523E82629%253E%257BDeviceIP%253AN_1_Server_Basic%257D%253C%252Fcolor%253E%252C%2520%253Ccolor%253D%2523D0F83E%253Esorceress%252C%2520greyskull%253C%252Fcolor%253E%250A%250A%250ANow%2520that%2520we%2527ve%2520copied%2520the%2520%253Cu%253EBackup_Q2.dd%253C%252Fu%253E%2520file%252C%2520which%2520contains%2520a%2520known%2520good%2520state%2520from%2520Quarter%25202%252C%2520we%2520can%2520proceed%2520with%2520the%2520restoration.%2520%250AUse%2520the%2520following%2520command%2520to%2520restore%2520the%2520system%253A%250A%250A%253Cfont%253D%2522SpaceMono-Regular%2520SDF%2522%253E%253Cmark%253D%252300b7acaa%253Esudo%2520dd%2520if%253D%253Cu%253EBackup_Q2.dd%253C%252Fu%253E%2520of%253D%253Cu%253E%252Fdev%252Fsdd%253C%252Fu%253E%2520bs%253D%253Cu%253E1M%253C%252Fu%253E%253C%252Fmark%253E%253C%252Ffont%253E%250A%250AThis%2520will%2520restore%2520the%2520backup%2520from%2520Backup_Q2.dd%2520to%2520the%2520disk%2520%253Cu%253E%252Fdev%252Fsdd%253C%252Fu%253E.%2520%250AThe%2520bs%253D1M%2520option%2520sets%2520the%2520block%2520size%2520to%25201MB%2520for%2520efficient%2520transfer%252C%2520and%2520sudo%2520ensures%2520you%2520have%2520the%2520proper%2520permissions%2520to%2520write%2520directly%2520to%2520the%2520disk.%2520%250A%250AThis%2520process%2520will%2520help%2520eliminate%2520any%2520remaining%2520malware%2520and%2520restore%2520the%2520system%2520to%2520a%2520secure%252C%2520stable%2520state.%22)+%2b+0.2)%0d%0a%0d%0asequence+%3d+new+Sequence%0d%0asequence.steps+%3d+%5b+%5d%0d%0a%0d%0asequenceStep+%3d+new+SequenceStep%0d%0asequenceStep.commandWaiting+%3d+getCommandWaiting(%22dd%22%2c+%22infected_workstation%22%2c+%5b+%22restore%3dsuccess%22%2c+%22restore_md5%3d8573f49bce5195ef1bdf2fa8a1cd1b25%22+%5d)%0d%0asequence.steps.push(sequenceStep)%0d%0a%0d%0awhile+sequence.isPerformed()+%3d%3d+0%0d%0a+wait(0.1)%0d%0aend+while%0d%0a%0d%0asetGoalAsCompleted(%22Revert+back+to+most+recent+(Un-infected)+backup+from+Backup+Server%22)%0d%0a%0d%0await(nitroApp(%22Rascal%22%2c+%22Now%2520that%2520the%2520system%2520is%2520restored%252C%2520the%2520next%2520step%2520is%2520to%2520get%2520the%2520network%2520back%2520up%2520and%2520running.%2520%250A%250AOnce%2520that%2527s%2520done%252C%2520check%2520that%2520everything%2520-%2520services%252C%2520apps%252C%2520and%2520settings%2520-%2520are%2520working%2520like%2520they%2520should.%2520After%2520all%252C%2520we%2520don%2527t%2520want%2520any%2520surprises%21%2520%250A%250AThis%2520will%2520make%2520sure%2520the%2520system%2520is%2520good%2520to%2520go%2520and%2520free%2520of%2520any%2520leftover%2520issues.%22)+%2b+0.2)%0d%0anitroCaption(1)%0d%0a%0d%0asequence+%3d+new+Sequence%0d%0asequence.steps+%3d+%5b+%5d%0d%0a%0d%0asequenceStep+%3d+new+SequenceStep%0d%0asequenceStep.commandWaiting+%3d+getCommandWaiting(%22nitrocaption%22%2c+%22%22%2c+%5b+%221%22+%5d)%0d%0asequenceStep.action+%3d+function()%0d%0a+wait(nitroApp(%22Rascal%22%2c+%22Time%2520for%2520the%2520final%2520STEP%25205%253A%2520%250ARestore%2520the%2520network.%250AThe%2520next%2520step%2520is%2520to%2520bring%2520the%2520network%2520adapter%2520back%2520online.%2520%250AUse%2520the%2520following%2520command%2520to%2520re-enable%2520the%2520network%2520interface%253A%250A%250A%253Cfont%253D%2522SpaceMono-Regular%2520SDF%2522%253E%253Cmark%253D%252300b7acaa%253Eifconfig%2520%253Cu%253Eeth0%253C%252Fu%253E%2520up%253C%252Fmark%253E%253C%252Ffont%253E%250A%250AThis%2520will%2520restore%2520network%2520connectivity%252C%2520allowing%2520the%2520system%2520to%2520communicate%2520with%2520other%2520devices%2520and%2520services%252C%2520and%2520ensuring%2520everything%2520is%2520ready%2520for%2520normal%2520business%2520operations.%22)+%2b+0.2)%0d%0aend+function%0d%0asequence.steps.push(sequenceStep)%0d%0a%0d%0asequenceStep+%3d+new+SequenceStep%0d%0asequenceStep.commandWaiting+%3d+getCommandWaiting(%22ifconfig%22%2c+%22infected_workstation%22%2c+%5b+%22eth0_up%22+%5d)%0d%0asequence.steps.push(sequenceStep)%0d%0a%0d%0awhile+sequence.isPerformed()+%3d%3d+0%0d%0a+wait(0.1)%0d%0aend+while%0d%0a%0d%0asetGoalAsCompleted(%22Restore+the+machine(s)+on+the+network%22)%0d%0a%0d%0await(nitroApp(%22Rascal%22%2c+%22After%2520bringing%2520the%2520network%2520interface%2520up%252C%2520it%2527s%2520important%2520to%2520verify%2520that%2520the%2520system%2520is%2520properly%2520connected%2520to%2520the%2520network.%2520%22)+%2b+0.2)%0d%0a%0d%0await(1)","LocalizationEntries":[],"EncryptedStorySteps":"","PublishedMissionId":0,"LastChangeDate":0.0}